clause_id;source_id;locator;statement;where_cited;status;evidence_level;source_locator
KZ-ARRFR-061::П. 5 постановления;KZ-ARRFR-061;П. 5 постановления;Постановление вводится в действие с 01.01.2026;npa_registry;ПОДТВЕРЖДЕНО;verified_clause_index;docs/analysis/npa_registry/CITED.md:59
KZ-ARRFR-061::Определение 4);KZ-ARRFR-061;Определение 4);Дефолт — просрочка более 90 календарных дней либо одна из перечисленных ситуаций: просрочка 90+ по другим займам в банке, то же в других банках, приостановление начисления вознаграждения, списание, продажа со значительным дисконтом, вынужденная реструктуризация, банкротство;dpd15_cure/FINDINGS_DPD15.md;ПОДТВЕРЖДЕНО;verified_clause_index;docs/analysis/npa_registry/CITED.md:60
KZ-ARRFR-061::Определение 5);KZ-ARRFR-061;Определение 5);Индивидуальный финансовый актив — валовая стоимость свыше 0,2 % собственного капитала, но не менее 50 млн ₸, либо требование к взаимосвязанной стороне;dpd15_cure/FINDINGS_DPD15.md;ПОДТВЕРЖДЕНО;verified_clause_index;docs/analysis/npa_registry/CITED.md:61
KZ-ARRFR-061::П. 10;KZ-ARRFR-061;П. 10;Значительное увеличение кредитного риска: просрочка более 30 календарных дней — и по индивидуальным, и по однородным активам. Плюс рост PD, пороги 5 %, 10 %, 20 %, 200 %;dpd15_cure/FINDINGS_DPD15.md;ПОДТВЕРЖДЕНО;verified_clause_index;docs/analysis/npa_registry/CITED.md:62
KZ-ARRFR-061::П. 15 абз. 1;KZ-ARRFR-061;П. 15 абз. 1;Переход из кредитно-обесцененных в SICR: погашение задолженности за период не менее 12 месяцев, снижение валовой балансовой стоимости до уровня на дату входа в дефолт, отсутствие на дату оценки событий обесценения;dpd15_cure/FINDINGS_DPD15.md;ПОДТВЕРЖДЕНО;verified_clause_index;docs/analysis/npa_registry/CITED.md:63
KZ-ARRFR-061::П. 15 пп. 1;KZ-ARRFR-061;П. 15 пп. 1;"Испытательный период с даты вынужденной реструктуризации, не менее 12 месяцев; 6 месяцев допускаются для физлиц на коллективной основе при наличии статистики о стабилизации выхода на просрочку начиная с седьмого платежа; по иным событиям п. 16 — с момента исключения события";dpd15_cure/FINDINGS_DPD15.md, dpd15_cure/STAT_SPEC.md;ПОДТВЕРЖДЕНО;verified_clause_index;docs/analysis/npa_registry/CITED.md:64
KZ-ARRFR-061::П. 15 пп. 2;KZ-ARRFR-061;П. 15 пп. 2;Условия, при которых стадия не меняется: значительная отсрочка платежей и другие;dpd15_cure/FINDINGS_DPD15.md;ПОДТВЕРЖДЕНО;verified_clause_index;docs/analysis/npa_registry/CITED.md:65
KZ-ARRFR-061::П. 15 пп. 3;KZ-ARRFR-061;П. 15 пп. 3;Сумма платежей после обесценения не менее размера ранее просроченной задолженности;dpd15_cure/FINDINGS_DPD15.md;ПОДТВЕРЖДЕНО;verified_clause_index;docs/analysis/npa_registry/CITED.md:66
KZ-ARRFR-061::П. 16 пп. 2;KZ-ARRFR-061;П. 16 пп. 2;Объективное подтверждение обесценения по индивидуальным активам: просрочка свыше 60 календарных дней, нецелевое использование свыше 25 %;dpd15_cure/FINDINGS_DPD15.md;ПОДТВЕРЖДЕНО;verified_clause_index;docs/analysis/npa_registry/CITED.md:67
KZ-ARRFR-061::П. 25;KZ-ARRFR-061;П. 25;Состав Методики расчёта провизий: пп. 2 признаки обесценения, пп. 7 критерии SICR при увеличении и (или) уменьшении, пп. 8 определение дефолта. Замыкающая фраза: «не допускается определение… неполных перечней»;dpd15_cure/FINDINGS_DPD15.md;ПОДТВЕРЖДЕНО;verified_clause_index;docs/analysis/npa_registry/CITED.md:68
KZ-ARRFR-061::П. 16 (о моделях);KZ-ARRFR-061;П. 16 (о моделях);"Глубина данных для рейтинговых моделей — не менее 3 лет; Джини, AUC, Kendall Tau; валидация не реже раза в 2 года независимым подразделением";dpd15_cure/STAT_SPEC.md;ПОДТВЕРЖДЕНО;verified_clause_index;docs/analysis/npa_registry/CITED.md:69
KZ-ARRFR-085::П. 5 постановления;KZ-ARRFR-085;П. 5 постановления;Основной текст действует с 16.05.2026: через десять календарных дней после официальной публикации 05.05.2026. Подпункты 7), 8) п. 98 и 6), 7) п. 104 вводятся с 01.01.2027;npa_registry;ПОДТВЕРЖДЕНО;verified_clause_index;docs/analysis/npa_registry/CITED.md:75
KZ-ARRFR-085::Определение к главе о лимитах;KZ-ARRFR-085;Определение к главе о лимитах;Неработающие займы — займы с признаками обесценения по МСФО и Правилам № 61. То есть НЗ = Stage 3, а не счётчик дней;dpd15_cure/FINDINGS_DPD15.md, npl_limits/;ПОДТВЕРЖДЕНО;verified_clause_index;docs/analysis/npa_registry/CITED.md:76
KZ-ARRFR-085::Показатель ЗП90;KZ-ARRFR-085;Показатель ЗП90;Займы с просроченной задолженностью свыше 90 дней — отдельный показатель, с оздоровлением не связан;dpd15_cure/FINDINGS_DPD15.md;ПОДТВЕРЖДЕНО;verified_clause_index;docs/analysis/npa_registry/CITED.md:77
KZ-ARRFR-085::Глава 11, п. 98 пп. 3;KZ-ARRFR-085;Глава 11, п. 98 пп. 3;Лимит отношения неработающих займов к ссудному портфелю;npl_limits/;ПОДТВЕРЖДЕНО;verified_clause_index;docs/analysis/npa_registry/CITED.md:78
KZ-ARRFR-085::Буферы капитала;KZ-ARRFR-085;Буферы капитала;"k1 8,0 %, k1-2 9,0 %, k2 10,5 % для не системно значимых; 9,5 / 10,5 / 12,0 % для системно значимых";risk_appetite/FINDINGS_RA.md Г12;ПОДТВЕРЖДЕНО;verified_clause_index;docs/analysis/npa_registry/CITED.md:79
KZ-ARRFR-085::Минимумы LCR и NSFR;KZ-ARRFR-085;Минимумы LCR и NSFR;0,9 до 31.12.2027, 1,0 с 01.01.2028;risk_appetite/FINDINGS_RA.md Г14;ПОДТВЕРЖДЕНО;verified_clause_index;docs/analysis/npa_registry/CITED.md:80
KZ-ARRFR-085::k3, k3-1;KZ-ARRFR-085;k3, k3-1;"Предел на одного заёмщика 25 %, на связанного 10 %; совокупный лимит по заёмщикам с риском свыше 10 % СК — не более пятикратного СК";risk_appetite/BENCHMARK.md;ПОДТВЕРЖДЕНО;verified_clause_index;docs/analysis/npa_registry/CITED.md:81
KZ-ARRFR-117::П. 1;KZ-ARRFR-117;П. 1;"Изменяет Нормативы № 85: состав нормативов, отдельные определения и залоговые условия; добавляет главу 13 о минимальном размере обязательств по инструментам поглощения убытков";npa_registry;ПОДТВЕРЖДЕНО;verified_clause_index;docs/analysis/npa_registry/CITED.md:87
KZ-ARRFR-117::П. 5 постановления;KZ-ARRFR-117;П. 5 постановления;"Вводится в действие через десять календарных дней после первого официального опубликования. Публикация 12.08.2026; дата начала действия — 23.08.2026";npa_registry;ПОДТВЕРЖДЕНО;verified_clause_index;docs/analysis/npa_registry/CITED.md:88
KZ-ARRFR-086::П. 2 пп. 42;KZ-ARRFR-086;П. 2 пп. 42;Заявление риск-аппетита — утверждаемый советом директоров документ с качественными и количественными утверждениями, включая показатели доходности;risk_appetite/FINDINGS_RA.md Г16, В34;ПОДТВЕРЖДЕНО;verified_clause_index;docs/analysis/npa_registry/CITED.md:94
KZ-ARRFR-086::П. 16 пп. 2;KZ-ARRFR-086;П. 16 пп. 2;Учитывать доходность при установлении уровней;risk_appetite/FINDINGS_RA.md Г16;ПОДТВЕРЖДЕНО;verified_clause_index;docs/analysis/npa_registry/CITED.md:95
KZ-ARRFR-086::П. 16 пп. 3;KZ-ARRFR-086;П. 16 пп. 3;Учитывать все существенные риски концентрации: на клиента, валютный, страновой, сегментный;risk_appetite/FINDINGS_RA.md Г15;ПОДТВЕРЖДЕНО;verified_clause_index;docs/analysis/npa_registry/CITED.md:96
KZ-ARRFR-086::П. 17;KZ-ARRFR-086;П. 17;Официальная процедура определения уровней: внутренний порядок расчёта, инструментарий, ответственные лица, условия корректировки утверждённых уровней;risk_appetite/ — задача 2, вопрос В5;ПОДТВЕРЖДЕНО;verified_clause_index;docs/analysis/npa_registry/CITED.md:97
KZ-ARRFR-086::П. 17 пп. 4;KZ-ARRFR-086;П. 17 пп. 4;Описывать условия корректировки утверждённых уровней;risk_appetite/FINDINGS_RA.md Г14;ПОДТВЕРЖДЕНО;verified_clause_index;docs/analysis/npa_registry/CITED.md:98
KZ-ARRFR-086::П. 18 пп. 2;KZ-ARRFR-086;П. 18 пп. 2;Уровень, определённый как допустимый — порог внутри лимита, запускающий корректирующие меры;risk_appetite/ — весь контур;ПОДТВЕРЖДЕНО;verified_clause_index;docs/analysis/npa_registry/CITED.md:99
KZ-ARRFR-086::П. 18 часть 4;KZ-ARRFR-086;П. 18 часть 4;Требование сценарной оценки уровней;risk_appetite/ § 10.4;ПОДТВЕРЖДЕНО;verified_clause_index;docs/analysis/npa_registry/CITED.md:100
KZ-ARRFR-086::П. 18 часть 6;KZ-ARRFR-086;П. 18 часть 6;Утверждение уровней уполномоченным органом;risk_appetite/ В33;ПОДТВЕРЖДЕНО;verified_clause_index;docs/analysis/npa_registry/CITED.md:101
KZ-ARRFR-086::П. 34 пп. 6;KZ-ARRFR-086;П. 34 пп. 6;Индикаторы раннего предупреждения вменены БРМ прямо;risk_appetite/BENCHMARK.md;ПОДТВЕРЖДЕНО;verified_clause_index;docs/analysis/npa_registry/CITED.md:102
KZ-ARRFR-086::Методология PD-моделей;KZ-ARRFR-086;Методология PD-моделей;Обязана содержать «определение кредитного обесценения» и «калибровку на основе наблюдаемых уровней кредитного обесценения»;dpd15_cure/FINDINGS_DPD15.md Н5;ПОДТВЕРЖДЕНО;verified_clause_index;docs/analysis/npa_registry/CITED.md:103
KZ-ZAKON-306::П. 77 ст. 1;KZ-ZAKON-306;П. 77 ст. 1;"Семь изменений в Закон о банках от 16.01.2026. Шесть терминологических: «иностранцы» → «иностранные граждане» (ст. 1, ст. 69), «тенге» → «теңге» (ст. 94, 120, 126), «законодательными актами» → «законами» (ст. 105, 113), «Парламента» → «Курултая» (ст. 69 п. 13). Седьмое содержательное: п. 6 ст. 69 дополняется пп. 16) — предоставление уполномоченному органу в сфере социальной защиты сведений о наличии банковских счетов, их номерах и остатках; в пп. 14) «лицом, исполняющим его обязанности» заменено на «заместителем первого руководителя, курирующим работу по возврату активов»";npa_registry, npl_limits;ПОДТВЕРЖДЕНО;verified_clause_index;docs/analysis/npa_registry/CITED.md:111
KZ-ZAKON-306::Ст. 2 п. 1;KZ-ZAKON-306;Ст. 2 п. 1;Закон вводится в действие с 01.07.2026, кроме перечисленных исключений;npa_registry;ПОДТВЕРЖДЕНО;verified_clause_index;docs/analysis/npa_registry/CITED.md:112
KZ-ZAKON-306::Ст. 2 п. 1 пп. 4);KZ-ZAKON-306;Ст. 2 п. 1 пп. 4);Абзацы пятый и шестой пп. 2) п. 77 ст. 1 — то есть оба изменения в п. 6 ст. 69 — вводятся в действие с 01.01.2027;npa_registry, npl_limits;ПОДТВЕРЖДЕНО;verified_clause_index;docs/analysis/npa_registry/CITED.md:113
KZ-ARRFR-108::Преамбула;KZ-ARRFR-108;Преамбула;Издано на основании части второй пункта 4 статьи 88 Закона о банках;bank_recovery/;ПОДТВЕРЖДЕНО;verified_clause_index;docs/analysis/npa_registry/CITED.md:124
KZ-ARRFR-108::П. 3 постановления;KZ-ARRFR-108;П. 3 постановления;Вводится в действие по истечении десяти календарных дней после первого официального опубликования;npa_registry;ПОДТВЕРЖДЕНО;verified_clause_index;docs/analysis/npa_registry/CITED.md:125
KZ-ARRFR-119::П. 4 постановления;KZ-ARRFR-119;П. 4 постановления;"Вводится в действие по истечении десяти календарных дней после дня первого официального опубликования. Первая публикация в ЭКБ — 12.08.2026; расчётная дата вступления в силу — 23.08.2026";npa_registry;ПОДТВЕРЖДЕНО;verified_clause_index;docs/analysis/npa_registry/CITED.md:133
KZ-ARRFR-119::П. 2 пп. 2), п. 5;KZ-ARRFR-119;П. 2 пп. 2), п. 5;Отклонение одного основного показателя либо комбинации вспомогательных — основание для режима усиленного надзора или восстановления. Для режима урегулирования отдельно названы снижение нормативов капитала/ликвидности ниже минимумов и положительная сравнительная оценка жизнеспособности;npa_registry;ПОДТВЕРЖДЕНО;verified_clause_index;docs/analysis/npa_registry/CITED.md:134
KZ-ARRFR-119::П. 3;KZ-ARRFR-119;П. 3;Шесть категорий количественных показателей: капитал, кредитный риск, ликвидность, валютный риск, прибыльность и рейтинговая оценка;npa_registry;ПОДТВЕРЖДЕНО;verified_clause_index;docs/analysis/npa_registry/CITED.md:135
KZ-NBRK-075::П. 1 пп. 2), 21), 22);KZ-NBRK-075;П. 1 пп. 2), 21), 22);"Приложение 2 — форма отчёта о выполнении пруденциальных нормативов; приложение 20-1 — расшифровка LCR; приложение 20-2 — расшифровка NSFR. Тела 20-1 и 20-2 в HTML ИПС «Әділет» отсутствуют";npa_registry;ПОДТВЕРЖДЕНО;verified_clause_index;docs/analysis/npa_registry/CITED.md:141
KZ-NBRK-075::Сноска ИЗПИ;KZ-NBRK-075;Сноска ИЗПИ;Постановление утратило силу по KZ-NBRK-100, который действует по истечении десяти календарных дней после первого официального опубликования;npa_registry;ПОДТВЕРЖДЕНО;verified_clause_index;docs/analysis/npa_registry/CITED.md:142
KZ-NBRK-100::П. 2 и приложение, п. 1;KZ-NBRK-100;П. 2 и приложение, п. 1;"KZ-NBRK-075 признано утратившим силу; приложение к № 100 сохраняет точные реквизиты отменённого акта и его регистрации № 11162";npa_registry;ПОДТВЕРЖДЕНО;verified_clause_index;docs/analysis/npa_registry/CITED.md:148
KZ-NBRK-100::П. 5 постановления;KZ-NBRK-100;П. 5 постановления;"Вводится в действие по истечении десяти календарных дней после дня первого официального опубликования. Первая публикация в ЭКБ — 31.12.2025; расчётная дата вступления в силу — 11.01.2026";npa_registry;ПОДТВЕРЖДЕНО;verified_clause_index;docs/analysis/npa_registry/CITED.md:149
KZ-NBRK-003::П. 3;KZ-NBRK-003;П. 3;Семь классов: 1 активы, 2 обязательства, 3 собственный капитал, 4 доходы, 5 расходы, 6 условные и возможные требования и обязательства, 7 счета меморандума;npa_registry;ПОДТВЕРЖДЕНО;verified_clause_index;docs/analysis/npa_registry/CITED.md:158
KZ-NBRK-003::П. 5;KZ-NBRK-003;П. 5;"Счета первых трёх классов — бухгалтерский баланс; четвёртого и пятого — отчёт о прибылях и убытках";npa_registry;ПОДТВЕРЖДЕНО;verified_clause_index;docs/analysis/npa_registry/CITED.md:159
KZ-NBRK-003::П. 6;KZ-NBRK-003;П. 6;Первая цифра — класс, вторая и третья — группа, четвёртая — детализация;npa_registry;ПОДТВЕРЖДЕНО;verified_clause_index;docs/analysis/npa_registry/CITED.md:160
KZ-NBRK-003::1401 / 1403 / 1411 / 1417;KZ-NBRK-003;1401 / 1403 / 1411 / 1417;Овердрафт · счета по кредитным карточкам · краткосрочные · долгосрочные займы клиентам — срочный основной долг в формуле витрины;risk_analytics_data_model.md, credit_risk_knowledge_base.md;ПОДТВЕРЖДЕНО;verified_clause_index;docs/analysis/npa_registry/CITED.md:161
KZ-NBRK-003::1405 / 1407 / 1420 / 1422 / 1426 / 1429;KZ-NBRK-003;1405 / 1407 / 1420 / 1422 / 1426 / 1429;Учтённые векселя · факторинг · финансовый лизинг · форфейтинг · финансирование торговой деятельности · прочие займы клиентам. В базу витрины не входят;— (пробел, см. ниже);ПОДТВЕРЖДЕНО;verified_clause_index;docs/analysis/npa_registry/CITED.md:162
KZ-NBRK-003::1424;KZ-NBRK-003;1424;Просроченная задолженность клиентов по займам;risk_analytics_data_model.md;ПОДТВЕРЖДЕНО;verified_clause_index;docs/analysis/npa_registry/CITED.md:163
KZ-NBRK-003::1409 / 1421 / 1423 / 1425 / 1427;KZ-NBRK-003;1409 / 1421 / 1423 / 1425 / 1427;Просроченная задолженность по факторингу · финлизингу · форфейтингу · опротестованные векселя · финансирование торговой деятельности. В базу витрины не входят;— (пробел);ПОДТВЕРЖДЕНО;verified_clause_index;docs/analysis/npa_registry/CITED.md:164
KZ-NBRK-003::1428;KZ-NBRK-003;1428;Резервы (провизии) по займам и финансовому лизингу, предоставленным клиентам;risk_dwh_reconciliation/FINDINGS.md;ПОДТВЕРЖДЕНО;verified_clause_index;docs/analysis/npa_registry/CITED.md:165
KZ-NBRK-003::1430 / 1431;KZ-NBRK-003;1430 / 1431;Счета положительной и отрицательной корректировки справедливой стоимости займа клиентам;risk_analytics_data_model.md;ПОДТВЕРЖДЕНО;verified_clause_index;docs/analysis/npa_registry/CITED.md:166
KZ-NBRK-003::1434 / 1435;KZ-NBRK-003;1434 / 1435;Дисконт и премия по займам, предоставленным клиентам. Премия — активный счёт, увеличивает балансовую стоимость;risk_analytics_data_model.md;ПОДТВЕРЖДЕНО;verified_clause_index;docs/analysis/npa_registry/CITED.md:167
KZ-NBRK-003::1740 / 1741;KZ-NBRK-003;1740 / 1741;Начисленные доходы и просроченное вознаграждение по займам и финансовому лизингу клиентам;risk_analytics_data_model.md;ПОДТВЕРЖДЕНО;verified_clause_index;docs/analysis/npa_registry/CITED.md:168
KZ-NBRK-003::1749 / 1752;KZ-NBRK-003;1749 / 1752;Прочее просроченное вознаграждение · начисленные доходы по учтённым векселям. В базу витрины не входят;— (пробел);ПОДТВЕРЖДЕНО;verified_clause_index;docs/analysis/npa_registry/CITED.md:169
KZ-NBRK-003::1810–1829 / 1830–1844;KZ-NBRK-003;1810–1829 / 1830–1844;Начисленные и просроченные комиссионные доходы, восемнадцать и пятнадцать счетов. Витрина берёт только «прочие» — 1818 и 1838;risk_analytics_data_model.md;ПОДТВЕРЖДЕНО;verified_clause_index;docs/analysis/npa_registry/CITED.md:170
KZ-NBRK-003::1845;KZ-NBRK-003;1845;Резервы (провизии) по начисленным и просроченным комиссионным доходам — по всем счетам 1810–1844;risk_dwh_reconciliation/FINDINGS.md;ПОДТВЕРЖДЕНО;verified_clause_index;docs/analysis/npa_registry/CITED.md:171
KZ-NBRK-003::1876 / 1877 / 1878;KZ-NBRK-003;1876 / 1877 / 1878;Резервы по прочей банковской деятельности · по дебиторской задолженности, связанной с банковской деятельностью · по дебиторке неосновной деятельности. В сумме провизий контуров участвует только 1877;risk_dwh_reconciliation/FINDINGS.md;ПОДТВЕРЖДЕНО;verified_clause_index;docs/analysis/npa_registry/CITED.md:172
KZ-NBRK-003::1879;KZ-NBRK-003;1879;Начисленная неустойка (штраф, пеня);risk_analytics_data_model.md;ПОДТВЕРЖДЕНО;verified_clause_index;docs/analysis/npa_registry/CITED.md:173
KZ-NBRK-003::2794;KZ-NBRK-003;2794;Доходы будущих периодов — счёт второго класса, единственный счёт обязательств в формуле актива;risk_analytics_data_model.md;ПОДТВЕРЖДЕНО;verified_clause_index;docs/analysis/npa_registry/CITED.md:174
KZ-NBRK-003::6625 / 6626 / 6677;KZ-NBRK-003;6625 / 6626 / 6677;Условные обязательства по безотзывным · отзывным займам, предоставляемым в будущем · по предоставленным займам;— (в контурах по счетам не описано);ПОДТВЕРЖДЕНО;verified_clause_index;docs/analysis/npa_registry/CITED.md:175
KZ-NBRK-003::6555, 6505 / 6510 / 6520 / 6525, 6580;KZ-NBRK-003;6555, 6505 / 6510 / 6520 / 6525, 6580;Возможные обязательства по гарантиям · по аккредитивам (четыре вида) · по форфейтинговым операциям;— (то же);ПОДТВЕРЖДЕНО;verified_clause_index;docs/analysis/npa_registry/CITED.md:176
KZ-NBRK-003::Постановление № 105 от 24.12.2025;KZ-NBRK-003;Постановление № 105 от 24.12.2025;Действует с 01.01.2026. Исключены счета 1267, 2131, 2707, 4267, 5229 — ни один из них в формулах контуров не участвует;npa_registry;ПОДТВЕРЖДЕНО;verified_clause_index;docs/analysis/npa_registry/CITED.md:177
KZ-NBRK-240::Примечание ИЗПИ;KZ-NBRK-240;Примечание ИЗПИ;Постановление вводится в действие с 01.01.2020;npa_registry;ПОДТВЕРЖДЕНО;verified_clause_index;docs/analysis/npa_registry/CITED.md:190
KZ-NBRK-240::П. 2;KZ-NBRK-240;П. 2;Заменило Правила отнесения к числу системообразующих — постановление № 257 от 24.12.2014 (рег. № 10210) — и постановление № 32 от 28.01.2016 (рег. № 13304);npa_registry;ПОДТВЕРЖДЕНО;verified_clause_index;docs/analysis/npa_registry/CITED.md:191
KZ-NBRK-272::Преамбула;KZ-NBRK-272;Преамбула;Издано в соответствии с законами о банках, о страховой деятельности, о рынке ценных бумаг и о госрегулировании финансового рынка. Преамбула — в редакции постановления Правления АРРФР от 12.08.2025 № 30;npl_limits/;ПОДТВЕРЖДЕНО;verified_clause_index;docs/analysis/npa_registry/CITED.md:197
KZ-NBRK-272::Действующая редакция;KZ-NBRK-272;Действующая редакция;Последнее изменение — постановление Правления АРРФР от 20.04.2026 № 79, вводится в действие с 01.05.2026;npa_registry;ПОДТВЕРЖДЕНО;verified_clause_index;docs/analysis/npa_registry/CITED.md:198
IFRS-9::5.4.2;IFRS-9;5.4.2;Возврат к начислению на валовую стоимость, если улучшение objectively related to an event occurring after применения 5.4.1(b). Единственный тест оздоровления в стандарте — связь с событием, а не выдержанный срок;dpd15_cure/FINDINGS_DPD15.md Н7;ПОДТВЕРЖДЕНО;verified_clause_index;docs/analysis/npa_registry/CITED.md:210
IFRS-9::5.5.7;IFRS-9;5.5.7;Если критерий SICR больше не выполняется — резерв shall вернуться к двенадцатимесячным ОКУ на текущую отчётную дату. Испытательного периода стандарт не вводит;dpd15_cure/FINDINGS_DPD15.md Н7;ПОДТВЕРЖДЕНО;verified_clause_index;docs/analysis/npa_registry/CITED.md:211
IFRS-9::5.5.11;IFRS-9;5.5.11;Опровержимая презумпция SICR при просрочке более 30 дней;dpd15_cure/, risk_appetite/BENCHMARK.md, provisions_method/;ПОДТВЕРЖДЕНО;verified_clause_index;docs/analysis/npa_registry/CITED.md:212
IFRS-9::B5.5.19;IFRS-9;B5.5.19;30 дней — the latest point, в который признаются пожизненные ОКУ;dpd15_cure/FINDINGS_DPD15.md Н7;ПОДТВЕРЖДЕНО;verified_clause_index;docs/analysis/npa_registry/CITED.md:213
IFRS-9::B5.5.20;IFRS-9;B5.5.20;Презумпция опровергается только при наличии обоснованной и подтверждаемой информации;dpd15_cure/FINDINGS_DPD15.md Н7;ПОДТВЕРЖДЕНО;verified_clause_index;docs/analysis/npa_registry/CITED.md:214
IFRS-9::B5.5.37;IFRS-9;B5.5.37;"Определение дефолта shall be consistent с используемым в управлении кредитным риском; презумпция 90 дней; определение применяется единообразно ко всем инструментам";dpd15_cure/FINDINGS_DPD15.md Н8, provisions_method/;ПОДТВЕРЖДЕНО;verified_clause_index;docs/analysis/npa_registry/CITED.md:215
VND-01::П. 8;VND-01;П. 8;Определения риск-аппетита и связанных понятий;risk_appetite/DOCUMENT_MAP.md;ПОДТВЕРЖДЕНО;registered_vnd_analysis;docs/analysis/npa_registry/CITED.md:224
VND-01::П. 19;VND-01;П. 19;Предложения по уровням выносятся на Совет директоров не реже одного раза в год;risk_appetite/DOCUMENT_MAP.md;ПОДТВЕРЖДЕНО;registered_vnd_analysis;docs/analysis/npa_registry/CITED.md:225
VND-01::П. 24;VND-01;П. 24;Уровни пересматриваются не реже одного раза в год;risk_appetite/DOCUMENT_MAP.md;ПОДТВЕРЖДЕНО;registered_vnd_analysis;docs/analysis/npa_registry/CITED.md:226
VND-01::П. 33;VND-01;П. 33;Уровни утверждает Совет директоров по представлению Правления через КРВК;risk_appetite/DOCUMENT_MAP.md;ПОДТВЕРЖДЕНО;registered_vnd_analysis;docs/analysis/npa_registry/CITED.md:227
VND-02::П. 3;VND-02;П. 3;Определения риск-аппетита и связанных понятий;risk_appetite/DOCUMENT_MAP.md;ПОДТВЕРЖДЕНО;registered_vnd_analysis;docs/analysis/npa_registry/CITED.md:233
VND-02::П. 11;VND-02;П. 11;Отчёт готовится не реже одного раза в год по форме № 50;risk_appetite/DOCUMENT_MAP.md;ПОДТВЕРЖДЕНО;registered_vnd_analysis;docs/analysis/npa_registry/CITED.md:234
VND-02::П. 12;VND-02;П. 12;Уровни утверждает Совет директоров по представлению Правления через КРВК;risk_appetite/DOCUMENT_MAP.md;ПОДТВЕРЖДЕНО;registered_vnd_analysis;docs/analysis/npa_registry/CITED.md:235
VND-02::Пп. 12-1 и 27;VND-02;Пп. 12-1 и 27;"Установлен общий порядок реакции на нарушение; конкретные меры и сроки в полученной редакции не определены";risk_appetite/DOCUMENT_MAP.md;ПОДТВЕРЖДЕНО;registered_vnd_analysis;docs/analysis/npa_registry/CITED.md:236
VND-02::П. 14;VND-02;П. 14;"Зафиксировано намерение не иметь высокой концентрации; способ расчёта уровня топ-20 не установлен";risk_appetite/DOCUMENT_MAP.md;ПОДТВЕРЖДЕНО;registered_vnd_analysis;docs/analysis/npa_registry/CITED.md:237
VND-02::П. 15;VND-02;П. 15;Уровень CoR устанавливается с учётом общих бюджетных показателей по финансированию;risk_appetite/DOCUMENT_MAP.md;ПОДТВЕРЖДЕНО;registered_vnd_analysis;docs/analysis/npa_registry/CITED.md:238
VND-02::Приложение 3;VND-02;Приложение 3;Содержит структурированный перечень существенных рисков и числовые уровни риск-аппетита;risk_appetite/DOCUMENT_MAP.md, risk_appetite/DECOMPOSITION.md;ПОДТВЕРЖДЕНО;registered_vnd_analysis;docs/analysis/npa_registry/CITED.md:239
VND-02::Приложение 4;VND-02;Приложение 4;Содержит мастер-шкалу внутреннего кредитного рейтинга КБ и МСБ и уровень отсечения 33;risk_appetite/DOCUMENT_MAP.md;ПОДТВЕРЖДЕНО;registered_vnd_analysis;docs/analysis/npa_registry/CITED.md:240
VND-02::Приложение 6;VND-02;Приложение 6;SIPOC фиксирует отсутствие единой базы для отчёта: несколько источников и подразделений, автоматизация 30 % при цели 40 %;risk_appetite/FINDINGS_RA.md;ПОДТВЕРЖДЕНО;registered_vnd_analysis;docs/analysis/npa_registry/CITED.md:241
VND-03::П. 8;VND-03;П. 8;Определения риск-аппетита и связанных понятий;risk_appetite/DOCUMENT_MAP.md;ПОДТВЕРЖДЕНО;registered_vnd_analysis;docs/analysis/npa_registry/CITED.md:247
VND-03::П. 10;VND-03;П. 10;Уровни утверждает Совет директоров по представлению Правления через КРВК;risk_appetite/DOCUMENT_MAP.md;ПОДТВЕРЖДЕНО;registered_vnd_analysis;docs/analysis/npa_registry/CITED.md:248
VND-03::П. 13 пп. 9;VND-03;П. 13 пп. 9;HLA рассчитывает БРМ;risk_appetite/DOCUMENT_MAP.md;ПОДТВЕРЖДЕНО;registered_vnd_analysis;docs/analysis/npa_registry/CITED.md:249
VND-03::П. 14;VND-03;П. 14;k1, k1-2, k2, LCR и NSFR рассчитывает ДБУиО и передаёт в БРМ;risk_appetite/DOCUMENT_MAP.md;ПОДТВЕРЖДЕНО;registered_vnd_analysis;docs/analysis/npa_registry/CITED.md:250
VND-03::П. 15 пп. 3;VND-03;П. 15 пп. 3;Финансовый департамент готовит годовой прогноз достаточности капитала по бюджету;risk_appetite/DOCUMENT_MAP.md;ПОДТВЕРЖДЕНО;registered_vnd_analysis;docs/analysis/npa_registry/CITED.md:251
VND-03::Приложение 1;VND-03;Приложение 1;"ACARI рассчитывается как среднее k1, k1-2 и k2; ALRI — как среднее LCR, HLA и NSFR";risk_appetite/DOCUMENT_MAP.md;ПОДТВЕРЖДЕНО;registered_vnd_analysis;docs/analysis/npa_registry/CITED.md:252
VND-03::Приложение 2;VND-03;Приложение 2;Триггеры зон установлены по 8 метрикам из 25;risk_appetite/DOCUMENT_MAP.md;ПОДТВЕРЖДЕНО;registered_vnd_analysis;docs/analysis/npa_registry/CITED.md:253
VND-04::П. 50-16;VND-04;П. 50-16;"Стресс по классу активов применяется, когда на класс приходится не менее 5 % активов; при меньшей доле используется пропорциональный выход";risk_appetite/FINDINGS_RA.md;ПОДТВЕРЖДЕНО;registered_vnd_analysis;docs/analysis/npa_registry/CITED.md:259
VND-04::П. 50-18;VND-04;П. 50-18;Распределение в стрессе определяется с учётом экспертного опыта;risk_appetite/FINDINGS_RA.md;ПОДТВЕРЖДЕНО;registered_vnd_analysis;docs/analysis/npa_registry/CITED.md:260
VND-04::П. 50-23;VND-04;П. 50-23;Стресс-тестирование по общеэкономическому сценарию проводится не реже одного раза в год;risk_appetite/FINDINGS_RA.md;ПОДТВЕРЖДЕНО;registered_vnd_analysis;docs/analysis/npa_registry/CITED.md:261
VND-04::П. 55;VND-04;П. 55;БРМ ежемесячно готовит отчёт по стресс-тестированию рыночных рисков и риска ликвидности до 30 числа следующего месяца;risk_appetite/FINDINGS_RA.md;ПОДТВЕРЖДЕНО;registered_vnd_analysis;docs/analysis/npa_registry/CITED.md:262
VND-04::П. 57;VND-04;П. 57;Допускается использовать иные значения факторов риска, не указанные в Методике;risk_appetite/FINDINGS_RA.md Р11;ПОДТВЕРЖДЕНО;registered_vnd_analysis;docs/analysis/npa_registry/CITED.md:263
VND-04::П. 62;VND-04;П. 62;Предусмотрено предоставление Методики, включая приложения, уполномоченным органам и третьим лицам;risk_appetite/FINDINGS_RA.md МС1;ПОДТВЕРЖДЕНО;registered_vnd_analysis;docs/analysis/npa_registry/CITED.md:264
VND-04::Приложение 7;VND-04;Приложение 7;SIPOC фиксирует отсутствие единой базы по стресс-тестированию, несколько источников и подразделений, автоматизацию 30 % при цели 40 %;risk_appetite/FINDINGS_RA.md;ПОДТВЕРЖДЕНО;registered_vnd_analysis;docs/analysis/npa_registry/CITED.md:265
"VND-05::Пп. 3, 8, 9 и 6; Приложение 4.6";VND-05;"Пп. 3, 8, 9 и 6; Приложение 4.6";Определены классификация индивидуальный/однородный актив и ежемесячное распределение по корзинам;provisions_method/README.md § 1;ПОДТВЕРЖДЕНО;registered_vnd_analysis;docs/analysis/npa_registry/CITED.md:271
VND-05::П. 14 / 25;VND-05;П. 14 / 25;"Для индивидуальной оценки в зарегистрированном разборе указан порог 180 млн ₸; он конфликтует с минимумом 50 млн ₸ в KZ-ARRFR-061, определение 5)";provisions_method/PACKAGE_1_NPA_VND.md К-1;ПОДТВЕРЖДЕНО;registered_vnd_analysis;docs/analysis/npa_registry/CITED.md:272
VND-05::Приложение 4.6;VND-05;Приложение 4.6;"Корзина 1: DPD 0–29; корзина 2: DPD 30–90; корзина 3: DPD 91–9999";provisions_method/README.md § 1;ПОДТВЕРЖДЕНО;registered_vnd_analysis;docs/analysis/npa_registry/CITED.md:273
VND-05::Приложение 4.3, лист Result;VND-05;Приложение 4.3, лист Result;"DR(i,j)=D(i,j)/N(i,j); PD(j) — среднее по поколениям, достигшим возраста j";provisions_method/README.md § 2.2;ПОДТВЕРЖДЕНО;registered_vnd_analysis;docs/analysis/npa_registry/CITED.md:274
VND-05::Приложение 4.3, строки 79–91;VND-05;Приложение 4.3, строки 79–91;Зарегистрированы формулы survival, месячного PD, PD12, lifetime PD и экстраполяции при короткой истории;provisions_method/README.md § 2.2;ПОДТВЕРЖДЕНО;registered_vnd_analysis;docs/analysis/npa_registry/CITED.md:275
VND-05::Приложение 4, п. 7 г;VND-05;Приложение 4, п. 7 г;"Оздоровлённые займы исключаются из дефолтов на дату расчёта; повторный дефолт получает новую дату";provisions_method/README.md § 2.2;ПОДТВЕРЖДЕНО;registered_vnd_analysis;docs/analysis/npa_registry/CITED.md:276
VND-05::Приложение 4.8;VND-05;Приложение 4.8;"PIT-множитель строится через ожидаемый DR и ограничивается диапазоном 0,95–1,15; в нейтральной зоне 0,99–1,01 не применяется";provisions_method/README.md § 2.2;ПОДТВЕРЖДЕНО;registered_vnd_analysis;docs/analysis/npa_registry/CITED.md:277
VND-05::Приложение 4.5, лист result, F6;VND-05;Приложение 4.5, лист result, F6;"RR(i,j)=min(R_disc(i,j)/(EAD_i+C_i);1); столбец C_i не определён";provisions_method/README.md § 2.3, П-1;ПОДТВЕРЖДЕНО;registered_vnd_analysis;docs/analysis/npa_registry/CITED.md:278
VND-05::Приложения 4.4 и 4.4а;VND-05;Приложения 4.4 и 4.4а;Зарегистрирована формула ликвидационной стоимости залога с коэффициентами ликвидности, изменения цены и дисконтированием;provisions_method/README.md § 2.3;ПОДТВЕРЖДЕНО;registered_vnd_analysis;docs/analysis/npa_registry/CITED.md:279
VND-05::Приложение 4.2, лист Product;VND-05;Приложение 4.2, лист Product;"Корзина 1: V×PD12×LGD; корзина 2: V×PDLT×LGD; корзина 3: max(V−ER;0)";provisions_method/README.md § 2.5;ПОДТВЕРЖДЕНО;registered_vnd_analysis;docs/analysis/npa_registry/CITED.md:280
VND-05::Приложение 4, пп. 12–13;VND-05;Приложение 4, пп. 12–13;Описаны признаки обесценения и двухэтапное оздоровление из корзины 3 в 2 и затем в 1;provisions_method/README.md § 2.6;ПОДТВЕРЖДЕНО;registered_vnd_analysis;docs/analysis/npa_registry/CITED.md:281
VND-05::Приложение 2;VND-05;Приложение 2;"Корзины 1–2: EL=Σ(PD_t×LGD_t×EAD_t×D_t); Stage 3 ниже порога: EL=GBV×LGD; выше порога: EL=GBV−(PV1+PV2)";provisions_method/README.md § 3;ПОДТВЕРЖДЕНО;registered_vnd_analysis;docs/analysis/npa_registry/CITED.md:282
VND-05::П. 7;VND-05;П. 7;"Горизонт 12 месяцев для корзины 1 и весь срок для корзины 2; дисконтирование по первоначальной EIR, для плавающей ставки — по текущей";provisions_method/README.md § 3;ПОДТВЕРЖДЕНО;registered_vnd_analysis;docs/analysis/npa_registry/CITED.md:283
VND-05::Приложение 3;VND-05;Приложение 3;Межбанковские требования рассчитываются отдельным контуром;provisions_method/README.md § 3а;ПОДТВЕРЖДЕНО;registered_vnd_analysis;docs/analysis/npa_registry/CITED.md:284
VND-05::Приложения 5–10;VND-05;Приложения 5–10;"Внутренние рейтинговые модели и параметры PD/LGD разобраны отдельно; часть источников устарела или синтетическая";provisions_method/README.md § 3б, П-12…П-14;ПОДТВЕРЖДЕНО;registered_vnd_analysis;docs/analysis/npa_registry/CITED.md:285
VND-06::П. 3;VND-06;П. 3;"Основание контура пересмотра риск-аппетита; сроки мероприятий — 30.09.2026 и 31.12.2026";risk_appetite/README.md, srep_action_plan/README.md;ПОДТВЕРЖДЕНО;registered_vnd_analysis;docs/analysis/npa_registry/CITED.md:291
VND-07::Весь документ;VND-07;Весь документ;"В действующей в разборе версии 49 нумерованных позиций; 37 относятся к зоне БРМ по контролирующему лицу";srep_action_plan/README.md;ПОДТВЕРЖДЕНО;registered_vnd_analysis;docs/analysis/npa_registry/CITED.md:297
VND-07::П. 22;VND-07;П. 22;Бюджетирование не полностью учитывает уровни риск-аппетита и результаты реверсивного стресс-теста;srep_action_plan/README.md;ПОДТВЕРЖДЕНО;registered_vnd_analysis;docs/analysis/npa_registry/CITED.md:298
VND-07::П. 35;VND-07;П. 35;Периодичность валидации моделей кредитного риска не соответствует требованиям;srep_action_plan/README.md;ПОДТВЕРЖДЕНО;registered_vnd_analysis;docs/analysis/npa_registry/CITED.md:299
VND-07::Пп. 37–38;VND-07;Пп. 37–38;Не закрыты качественная часть заявления риск-аппетита и два нижних уровня реагирования;srep_action_plan/README.md;ПОДТВЕРЖДЕНО;registered_vnd_analysis;docs/analysis/npa_registry/CITED.md:300
VND-07::Пп. 40, 44–47;VND-07;Пп. 40, 44–47;Открыты требования к сценариям, частоте стресс-тестов, интеграции в планирование и документированию допущений;srep_action_plan/README.md;ПОДТВЕРЖДЕНО;registered_vnd_analysis;docs/analysis/npa_registry/CITED.md:301
VND-13::Пп. 6–7;VND-13;Пп. 6–7;"Пруденциальная величина определяется через задолженность и дисконтированные будущие потоки; если МСФО-провизия выше, признаётся она";provisions_method/README.md § 4, provisions_method/PACKAGE_1_NPA_VND.md;ПОДТВЕРЖДЕНО;registered_vnd_analysis;docs/analysis/npa_registry/CITED.md:307
VND-13::П. 8;VND-13;П. 8;"Индивидуальный актив определяется через 0,2 % собственного капитала и минимальную абсолютную границу; банки и МФО оцениваются индивидуально";provisions_method/README.md § 1;ПОДТВЕРЖДЕНО;registered_vnd_analysis;docs/analysis/npa_registry/CITED.md:308
VND-13::П. 11;VND-13;П. 11;Расчёт выполняется не реже одного раза в шесть месяцев;provisions_method/PACKAGE_1_NPA_VND.md;ПОДТВЕРЖДЕНО;registered_vnd_analysis;docs/analysis/npa_registry/CITED.md:309
VND-13::П. 12;VND-13;П. 12;Зарегистрирована логика дисконтированных денежных потоков;provisions_method/PACKAGE_1_NPA_VND.md;ПОДТВЕРЖДЕНО;registered_vnd_analysis;docs/analysis/npa_registry/CITED.md:310
VND-13::П. 15;VND-13;П. 15;Положительная разница между пруденциальной и МСФО-величиной отражается по зарегистрированному порядку;provisions_method/PACKAGE_1_NPA_VND.md;ПОДТВЕРЖДЕНО;registered_vnd_analysis;docs/analysis/npa_registry/CITED.md:311
VND-13::П. 26;VND-13;П. 26;Положительная разница ежемесячно уменьшается на провизии по полностью погашенным и списанным займам;provisions_method/PACKAGE_1_NPA_VND.md;ПОДТВЕРЖДЕНО;registered_vnd_analysis;docs/analysis/npa_registry/CITED.md:312
VND-13::Приложения 1–3.3;VND-13;Приложения 1–3.3;"Расчётное ядро прочитано; действующее внешнее основание после отмены KZ-NBRK-170 не подтверждено";provisions_method/README.md § 4, provisions_method/PACKAGE_1_NPA_VND.md К-3;ПОДТВЕРЖДЕНО;registered_vnd_analysis;docs/analysis/npa_registry/CITED.md:313
US-OCC-30D::II.E;US-OCC-30D;II.E;Лимиты устанавливаются так, чтобы побуждать снизить риск до того, как профиль поставит под угрозу доходы, ликвидность и капитал;risk_appetite/BENCHMARK.md;ПОДТВЕРЖДЕНО;verified_clause_index;docs/analysis/npa_registry/CITED.md:319
US-OCC-30D::II.F;US-OCC-30D;II.F;"Лимиты концентрации; агрегированные лимиты подразделений не превышают лимиты заявления";risk_appetite/BENCHMARK.md;ПОДТВЕРЖДЕНО;verified_clause_index;docs/analysis/npa_registry/CITED.md:320
US-OCC-30D::II.H;US-OCC-30D;II.H;Протокол при нарушении: различать по тяжести, письменное описание устранения, ответственность с учётом величины, частоты и повторяемости;risk_appetite/BENCHMARK.md;ПОДТВЕРЖДЕНО;verified_clause_index;docs/analysis/npa_registry/CITED.md:321
US-OCC-30D::II.G.3;US-OCC-30D;II.G.3;Отчёт о риск-профиле против аппетита не реже чем ежеквартально;risk_appetite/BENCHMARK.md;ПОДТВЕРЖДЕНО;verified_clause_index;docs/analysis/npa_registry/CITED.md:322
HK-CRG8::4.2.1–4.2.2;HK-CRG8;4.2.1–4.2.2;Clustering limit — агрегатный предел на сумму крупных экспозиций, обязателен;risk_appetite/BENCHMARK.md;ПОДТВЕРЖДЕНО;verified_clause_index;docs/analysis/npa_registry/CITED.md:323
HK-CRG8::5.1.4;HK-CRG8;5.1.4;Порог отдельного одобрения — 5 % капитала;risk_appetite/BENCHMARK.md;ПОДТВЕРЖДЕНО;verified_clause_index;docs/analysis/npa_registry/CITED.md:324
HK-CRG8::5.3.1;HK-CRG8;5.3.1;Мониторинг против лимитов — ежедневно;risk_appetite/BENCHMARK.md;ПОДТВЕРЖДЕНО;verified_clause_index;docs/analysis/npa_registry/CITED.md:325
HK-IC1::4.2.3–4.2.5;HK-IC1;4.2.3–4.2.5;Двусторонний тест лимита, каскадирование, регулярный пересмотр;risk_appetite/BENCHMARK.md;ПОДТВЕРЖДЕНО;verified_clause_index;docs/analysis/npa_registry/CITED.md:326
HK-IC5::2.6.16, 2.8.2, 2.8.3;HK-IC5;2.6.16, 2.8.2, 2.8.3;"Независимая валидация моделей не реже года; стресс-тест учитывается при установлении лимитов";risk_appetite/BENCHMARK.md;ПОДТВЕРЖДЕНО;verified_clause_index;docs/analysis/npa_registry/CITED.md:327
SG-BSM::2.2, 2.3.1;SG-BSM;2.2, 2.3.1;"Пересмотр не реже раза в год; обстоятельства превышения лимита и орган одобрения";risk_appetite/BENCHMARK.md;ПОДТВЕРЖДЕНО;verified_clause_index;docs/analysis/npa_registry/CITED.md:328
SG-CR::3.3.1, 3.7.2, 4.8.5;SG-CR;3.3.1, 3.7.2, 4.8.5;"Стресс-тест при установлении лимитов; целевые лимиты на доли рейтинговых полос";risk_appetite/BENCHMARK.md;ПОДТВЕРЖДЕНО;verified_clause_index;docs/analysis/npa_registry/CITED.md:329
UK-SS3115::2.8A, 2.8C, 2.30, гл. 4;UK-SS3115;2.8A, 2.8C, 2.30, гл. 4;"Пересмотр не реже года; обратное стресс-тестирование";risk_appetite/BENCHMARK.md;ПОДТВЕРЖДЕНО;verified_clause_index;docs/analysis/npa_registry/CITED.md:330
RU-3624U::П. 4.14;RU-3624U;П. 4.14;«Сигнальные значения» — показатели высокой степени использования лимита, и перечень корректирующих мероприятий под каждое;risk_appetite/BENCHMARK.md;ПОДТВЕРЖДЕНО;verified_clause_index;docs/analysis/npa_registry/CITED.md:331
RU-3624U::П. 2.5, 6.4;RU-3624U;П. 2.5, 6.4;"Пересмотр документов ВПОДК не реже года; отчёты о значимых рисках ежеквартально";risk_appetite/BENCHMARK.md;ПОДТВЕРЖДЕНО;verified_clause_index;docs/analysis/npa_registry/CITED.md:332
RU-220I::П. 5.10, 6.1, 6.2, 6.3, 7.4, 10.2;RU-220I;П. 5.10, 6.1, 6.2, 6.3, 7.4, 10.2;"Н6 = 25 %; Н7 = 800 %; Н25 = 20 %; крупный кредитный риск определяется по ст. 65 закона о Банке России по балансовой стоимости без взвешивания; нормативы соблюдаются ежедневно";risk_appetite/BENCHMARK.md;ПОДТВЕРЖДЕНО;verified_clause_index;docs/analysis/npa_registry/CITED.md:333
RU-845P::Гл. 15, прил. 4, п. 2.8;RU-845P;Гл. 15, прил. 4, п. 2.8;Виды валидации, девять ежегодных анализов, запрет менять методы под фазу цикла (15.6), независимость 15.8, 14 КПК с недопустимыми диапазонами, use test;risk_appetite/BENCHMARK.md, risk_appetite/ZONES_METHOD.md;ПОДТВЕРЖДЕНО;verified_clause_index;docs/analysis/npa_registry/CITED.md:334
NST-2026-MR::Таблица 3, стр. 14–15;NST-2026-MR;Таблица 3, стр. 14–15;Периметр кредитного риска. Не анализируются: дебиторская задолженность, займы финансовым институтам и госструктурам. Распределены по другим портфелям: индивидуальные займы, займы в ОУСА, займы с господдержкой. Займы ЛСБОО — внутри ячейки «Анализируются все портфели», то есть самостоятельный портфель;nst_credit/NST_CREDIT.md §§ 2.1, 15.2, 16.8 (О28);ПОДТВЕРЖДЕНО;verified_clause_index;docs/analysis/npa_registry/CITED.md:345
NST-2026-MR::Таблица 4, стр. 15–16;NST-2026-MR;Таблица 4, стр. 15–16;Критерии отнесения к портфелям. У пяти сегментов содержательного критерия нет — отсылка «согласно требованиям регуляторной отчётности»;nst_credit/NST_CREDIT.md §§ 2.2, 16.9;ПОДТВЕРЖДЕНО;verified_clause_index;docs/analysis/npa_registry/CITED.md:346
NST-2026-MR::П. 15, стр. 9;NST-2026-MR;П. 15, стр. 9;Горизонт — поквартальная динамика на трёхлетнем периоде;nst_credit/NST_CREDIT.md § 15.4;ПОДТВЕРЖДЕНО;verified_clause_index;docs/analysis/npa_registry/CITED.md:347
NST-2026-MR::П. 29, стр. 15;NST-2026-MR;П. 29, стр. 15;Дословно: «первичная сегментация выполняется в рамках AQR и может отклоняться от приведённых ниже критериев»;nst_credit/NST_CREDIT.md §§ 2.2, 15.2 (Н11);ПОДТВЕРЖДЕНО;verified_clause_index;docs/analysis/npa_registry/CITED.md:348
NST-2026-MR::П. 30, стр. 17;NST-2026-MR;П. 30, стр. 17;Основной капитал, k1 и RWA считаются «в соответствии с определениями, данными в Постановлении Правления НБК № 170» — акт отменён 28.04.2026 и заменён Нормативами № 85 (KZ-NBRK-170 → KZ-ARRFR-085), а руководство выпущено в августе 2026;nst_credit/NST_CREDIT.md § 16.8 (О30);ПОДТВЕРЖДЕНО;verified_clause_index;docs/analysis/npa_registry/CITED.md:349
NST-2026-MR::П. 38;NST-2026-MR;П. 38;Модели провизий для НСТ — адаптированные модели МСФО 9 банка;nst_credit/NST_CREDIT.md § 15.5;ПОДТВЕРЖДЕНО;verified_clause_index;docs/analysis/npa_registry/CITED.md:350
NST-2026-MR::П. 44, стр. 20–21;NST-2026-MR;П. 44, стр. 20–21;"SICR-триггеры НСТ, «не нарушая другие триггеры»: троекратный рост PD за срок → стадия 2; актив с годовой PD < 0,3 % (квартальная TR1-3 < 0,075 %) может считаться низкорисковым. Собственные критерии — если консервативнее";nst_credit/NST_CREDIT.md § 15.6 (В1);ПОДТВЕРЖДЕНО;verified_clause_index;docs/analysis/npa_registry/CITED.md:351
NST-2026-MR::П. 66, стр. 25;NST-2026-MR;П. 66, стр. 25;"Вес сценария при расчёте провизий — 100 %; взвешивание сценариев не применяется";nst_credit/NST_CREDIT.md § 15.6;ПОДТВЕРЖДЕНО;verified_clause_index;docs/analysis/npa_registry/CITED.md:352
NST-2026-MR::П. 69, стр. 26;NST-2026-MR;П. 69, стр. 26;Корпоративные облигации по амортизированной стоимости идут через рыночный риск, не через кредитный;nst_credit/NST_CREDIT.md § 15.5 (О26);ПОДТВЕРЖДЕНО;verified_clause_index;docs/analysis/npa_registry/CITED.md:353
NST-2026-MR::П. 80, стр. 28;NST-2026-MR;П. 80, стр. 28;"Исторические вероятности переходов — минимум за квартал; «вероятности переходов за месяц не могут быть использованы банками ввиду недостаточности периода для созревания займов»";nst_credit/NST_CREDIT.md § 15.6;ПОДТВЕРЖДЕНО;verified_clause_index;docs/analysis/npa_registry/CITED.md:354
NST-2026-MR::П. 82–83, стр. 28;NST-2026-MR;П. 82–83, стр. 28;"При наличии моделей — матрица миграций рейтингов point-in-time; Агентство может запросить данные на уровне рейтинга";nst_credit/NST_CREDIT.md § 15.6;ПОДТВЕРЖДЕНО;verified_clause_index;docs/analysis/npa_registry/CITED.md:355
NST-2026-MR::П. 96–97, 102, 108–109, стр. 30, 33, 37–38;NST-2026-MR;П. 96–97, 102, 108–109, стр. 30, 33, 37–38;"Полы, которые шаблон проверяет сам: провизии стресс ≥ базовый ≥ отчётная дата; покрытие EAD стадии 1 не ниже отчётной даты; накопленные провизии стадии 3 не сокращаются";nst_credit/NST_CREDIT.md § 15.6;ПОДТВЕРЖДЕНО;verified_clause_index;docs/analysis/npa_registry/CITED.md:356
NST-2026-MR::Таблица 5, стр. 62–63;NST-2026-MR;Таблица 5, стр. 62–63;"Референсные ставки ЧПД; строка «Крупные займы физических лиц (более 200 млн тенге)» на месте";nst_credit/NST_CREDIT.md §§ 2.4, 15.2;ПОДТВЕРЖДЕНО;verified_clause_index;docs/analysis/npa_registry/CITED.md:357
NST-2026-INS::П. 6, стр. 5;NST-2026-INS;П. 6, стр. 5;Данные на отчётную дату заполняются по формам регуляторной отчётности — 700-N, отчёт о выполнении пруденциальных нормативов, PORTF, INVEST и иные, скорректированным на результаты AQR. В версии 2026 добавлена сноска на Постановление НБК от 02.12.2025 № 88;nst_credit/NST_CREDIT.md §§ 2.3, 15.2, 16.9;ПОДТВЕРЖДЕНО;verified_clause_index;docs/analysis/npa_registry/CITED.md:363
NST-2026-INS::П. 7–8, стр. 5;NST-2026-INS;П. 7–8, стр. 5;"Единицы: тысячи тенге; проценты — с двумя знаками";nst_credit/NST_CREDIT.md § 15.5;ПОДТВЕРЖДЕНО;verified_clause_index;docs/analysis/npa_registry/CITED.md:364
NST-2026-INS::П. 11, стр. 6;NST-2026-INS;П. 11, стр. 6;В пояснительной записке перечисляются все изменения расчётов на уровне не ниже портфеля;nst_credit/NST_CREDIT.md § 15.5;ПОДТВЕРЖДЕНО;verified_clause_index;docs/analysis/npa_registry/CITED.md:365
NST-2026-INS::П. 15, стр. 8;NST-2026-INS;П. 15, стр. 8;Конфиденциальность: шаблон, сценарии, руководство, инструкция, шаблон пояснительной записки и материалы обучающих сессий не подлежат распространению за пределами вовлечённых сотрудников без письменного разрешения Агентства;"nst_credit/NST_CREDIT.md § 15.1; корневой CLAUDE.md § 2";ПОДТВЕРЖДЕНО;verified_clause_index;docs/analysis/npa_registry/CITED.md:366
NST-2026-INS::П. 17, стр. 9;NST-2026-INS;П. 17, стр. 9;Пять листов кредитного риска, включая «КР модели»;nst_credit/NST_CREDIT.md § 15.5;ПОДТВЕРЖДЕНО;verified_clause_index;docs/analysis/npa_registry/CITED.md:367
NST-2026-INS::П. 23–30;NST-2026-INS;П. 23–30;"Состав листа «КР модели»; п. 26 — пустых ячеек не допускается, вместо пропуска ставится ноль";nst_credit/NST_CREDIT.md §§ 15.5, 15.10 (П3);ПОДТВЕРЖДЕНО;verified_clause_index;docs/analysis/npa_registry/CITED.md:368
NST-2026-INS::П. 32, стр. 13;NST-2026-INS;П. 32, стр. 13;Лист «КР расчет провизий» состоит из двух секций — «на отчётную дату» и «в стресс-тесте»;nst_credit/NST_CREDIT.md § 15.4;ПОДТВЕРЖДЕНО;verified_clause_index;docs/analysis/npa_registry/CITED.md:369
NST-2026-INS::П. 33, стр. 13;NST-2026-INS;П. 33, стр. 13;Вне периметра AQR применяется «подход, который используется в рамках внутреннего управления рисками»;nst_credit/NST_CREDIT.md §§ 15.5, 15.6 (О26);ПОДТВЕРЖДЕНО;verified_clause_index;docs/analysis/npa_registry/CITED.md:370
NST-2026-INS::П. 35, стр. 14;NST-2026-INS;П. 35, стр. 14;Требования банка к ОУСА исключаются из дебиторской задолженности;nst_credit/NST_CREDIT.md § 15.5 (О26);ПОДТВЕРЖДЕНО;verified_clause_index;docs/analysis/npa_registry/CITED.md:371
NST-2026-INS::П. 148, стр. 60;NST-2026-INS;П. 148, стр. 60;Соответствие статей формы 700-Н и сегментации НСТ;nst_credit/NST_CREDIT.md § 2.3;ПОДТВЕРЖДЕНО;verified_clause_index;docs/analysis/npa_registry/CITED.md:372
NST-2026-INS::Таблица 2, стр. 11–13;NST-2026-INS;Таблица 2, стр. 11–13;Перечень полей листа «КР модели»: переменные, преобразования, лаги, p-value, VIF, ADF, KPSS, Granger, R², Durbin–Watson, Breusch–Pagan, AIC, BIC, Jarque–Bera, Shapiro–Wilk;nst_credit/NST_CREDIT.md § 15.5;ПОДТВЕРЖДЕНО;verified_clause_index;docs/analysis/npa_registry/CITED.md:373
NST-2026-INS::Таблица 3, стр. 14–15;NST-2026-INS;Таблица 3, стр. 14–15;Перечень полей листа «КР расчет провизий», секция «на отчётную дату». Это не Таблица 3 руководства — совпадает только номер;nst_credit/NST_CREDIT.md § 15.5;ПОДТВЕРЖДЕНО;verified_clause_index;docs/analysis/npa_registry/CITED.md:374
NST-2026-INS::Таблица 4, стр. 16–18;NST-2026-INS;Таблица 4, стр. 16–18;Перечень полей той же секции «в стресс-тесте», поквартально в двух сценариях;nst_credit/NST_CREDIT.md § 15.5;ПОДТВЕРЖДЕНО;verified_clause_index;docs/analysis/npa_registry/CITED.md:375
NST-2026-INS::Таблица 5, стр. 18–20;NST-2026-INS;Таблица 5, стр. 18–20;Перечень полей листа «КР фактические данные банка»: TR1-1, TR1-2, TR1-3, TR2-1, TR2-2, TR2-3 за квартал и за год;nst_credit/NST_CREDIT.md § 15.5;ПОДТВЕРЖДЕНО;verified_clause_index;docs/analysis/npa_registry/CITED.md:376
NST-2026-EDU::Стр. 5;NST-2026-EDU;Стр. 5;Шаблон результатов AQR передаёт Агентство — старт кредитного блока привязан к его получению;nst_credit/NST_CREDIT.md §§ 15.5, 16.1;ПОДТВЕРЖДЕНО;verified_clause_index;docs/analysis/npa_registry/CITED.md:382
NST-2026-EDU::Стр. 6;NST-2026-EDU;Стр. 6;Вне периметра AQR источники — 700-Н и кредитный регистр;nst_credit/NST_CREDIT.md § 15.5;ПОДТВЕРЖДЕНО;verified_clause_index;docs/analysis/npa_registry/CITED.md:383
NST-2026-EDU::Стр. 7;NST-2026-EDU;Стр. 7;Лист «КР модели» заполняется «независимо от состава информации, раскрываемой банком в пояснительной записке» — пропустить лист нельзя;nst_credit/NST_CREDIT.md § 15.5;ПОДТВЕРЖДЕНО;verified_clause_index;docs/analysis/npa_registry/CITED.md:384
NST-2026-EDU::Стр. 10;NST-2026-EDU;Стр. 10;Лист «КР фактические данные банка» заполняется без учёта AQR;nst_credit/NST_CREDIT.md § 15.5;ПОДТВЕРЖДЕНО;verified_clause_index;docs/analysis/npa_registry/CITED.md:385
NST-2026-EDU::Стр. 13;NST-2026-EDU;Стр. 13;Ограничения: провизии стресс ≥ базовый ≥ отчётная дата, нарушение подсвечивается;nst_credit/NST_CREDIT.md § 15.6;ПОДТВЕРЖДЕНО;verified_clause_index;docs/analysis/npa_registry/CITED.md:386
NST-2026-EDU::Стр. 14;NST-2026-EDU;Стр. 14;PD lifetime и PD стадии 2 в шаблоне не заполняются — идут через LRLT;nst_credit/NST_CREDIT.md § 15.5;ПОДТВЕРЖДЕНО;verified_clause_index;docs/analysis/npa_registry/CITED.md:387
NST-2026-EDU::Стр. 15–17;NST-2026-EDU;Стр. 15–17;При низком качестве обоснований Агентство принимает результат собственной Top-Down модели. Предельных уровней значимости не задаёт, но требует интуитивности знаков, стационарности, гомоскедастичности, нормальности и независимости остатков, отсутствия мультиколлинеарности;nst_credit/NST_CREDIT.md § 15.6;ПОДТВЕРЖДЕНО;verified_clause_index;docs/analysis/npa_registry/CITED.md:388
NST-2026-SCN::Стр. 5;NST-2026-SCN;Стр. 5;Сценарии одобрены 28.07.2026;nst_credit/NST_CREDIT.md § 15.1;ПОДТВЕРЖДЕНО;verified_clause_index;docs/analysis/npa_registry/CITED.md:394
NST-2026-SCN::Весь документ;NST-2026-SCN;Весь документ;59 показателей поквартально 2026–2028, базовый и стрессовый сценарии;nst_credit/NST_CREDIT.md § 15.7;ПОДТВЕРЖДЕНО;verified_clause_index;docs/analysis/npa_registry/CITED.md:395
NST-2026-SCN::Таблица 5, стр. 21;NST-2026-SCN;Таблица 5, стр. 21;Мгновенные шоки. Это не Таблица 5 руководства и не Таблица 5 инструкции;nst_credit/NST_CREDIT.md § 15.1;ПОДТВЕРЖДЕНО;verified_clause_index;docs/analysis/npa_registry/CITED.md:396
