# Паспорта таблиц Dictionaries.risk_analytics. Единица строки — факт об объекте × источник (S01 RS, S02 Cards, S03 CrediLogic, S17 Fenix, «все» — источник не различается).
# aspect: ключ — чем связывается; историзация — есть ли версии по дате среза; зерно — что является строкой; представление — чем на самом деле является view.
# origin: раздел risk_dwh_reconciliation/FINDINGS.md, где факт установлен. Здесь ничего не доказывается заново, расхождение решается в пользу FINDINGS.
# Перенесено из OBJECTS.md 02.09.2026 без изменения фактов.
table;source;aspect;fact;consequence;origin
loans;все;ключ;l_gid — кросс-источниковый ключ, но номер не глобален: 9 659 коллизий между источниками, gid — 0;ключ всегда тестируется покрытием по каждому источнику отдельно — разные системы-источники заполняют la_loan_id по-разному, это свойство данных, а не непоследовательность;§ 1
loan_account;все;ключ;связь с loans: la_gid = l_gid AND la_source = l_source, контроль la_dog_num = l_loan_number;без la_source связь по одному la_gid даёт коллизии;§ 1
loan_account;S01;историзация;историзована: 98 959 строк на 19 дат с 2025-01-01 по 2026-07-01, на 2026-08-01 строк нет;запрос без фиксации даты среза даёт не «текущее состояние», а склейку версий. На произвольную @AsOf таблица может быть пуста;§ 11.2
restructuring_v2;все;историзация;историзована, NULL-дат нет;срез фиксировать всегда;§ 11.4
loans;все;зерно;по gid — UNRESOLVED, повторно открыт 17.07.2026: второй ревьюер нашёл методологическую ошибку в проверке (GROUP BY source, gid во внутреннем подзапросе схлопывает сырые строки);строка оставлена открытой намеренно: закрытая однажды и отозванная находка по зерну — причина, по которой в реестре не принимается «выглядит однозначно»;§ 2
loans_active;все;представление;не фильтр по статусу: отклонение от loans × l_loan_status разное по источникам;периметр брать из loans_active, атрибуты — из loans по l_gid. Считать вьюху полной копией таблицы нельзя;§ 10.3, § 15.1
