column;scope;data_type;max_len;group;used_by_script;confidence;meaning
n_o;B1A+B1B;nvarchar;600;служебные;;очевидно;номер строки выгрузки
entity;B1A+B1B;nvarchar;600;принадлежность;да;проверено;"балансовая единица; 'EUB1' = баланс ОУСА"
iin_bin;B1A+B1B;nvarchar;600;PII;да;очевидно;ИИН/БИН заёмщика — агрегирование и join с B2A
residency;B1A+B1B;nvarchar;13;заёмщик;;очевидно;резидентство
debtor_type;B1A+B1B;nvarchar;1;заёмщик;да;проверено;тип заёмщика: 0 — физлицо, 1 — юрлицо
ent_type;B1A+B1B;nvarchar;27;заёмщик;да;гипотеза Г2;размер бизнеса: 1 крупное, 2 среднее, 3 малое
oked;B1A+B1B;nvarchar;10;заёмщик;;очевидно;код ОКЭД — вид экономической деятельности
debtor_se;B1A+B1B;nvarchar;300;заёмщик;да;гипотеза Г1;признак субъекта предпринимательства (ИП)
lsboo;B1A+B1B;nvarchar;13;заёмщик;да;проверено;признак лица, связанного с банком особыми отношениями
loan_id;только B1A;nvarchar;300;ключи;;очевидно;идентификаторы займа и кредитной линии
loan_id_kr;B1A+B1B;nvarchar;300;ключи;да;проверено;ключ соединения сегментации с расчётом метрик
id;B1A+B1B;nvarchar;600;ключи;;очевидно;идентификаторы займа и кредитной линии
credit_line_id;B1A+B1B;nvarchar;1200/300;ключи;;очевидно;идентификаторы займа и кредитной линии
loan_type;B1A+B1B;nvarchar;221;договор;;очевидно;тип займа
f_inv;B1A+B1B;nvarchar;600;договор;да;проверено;флаг инвестиционного займа
ccf_cat;B1A+B1B;nvarchar;600;метрики;;гипотеза Г7;категория CCF
ccf;B1A+B1B;nvarchar;600;метрики;да;проверено;коэффициент кредитной конверсии
curr;B1A+B1B;nvarchar;300;договор;;очевидно;валюта договора
loan_start_date;B1A+B1B;nvarchar;600;договор;;очевидно;даты выдачи и погашения
loan_end_date;B1A+B1B;nvarchar;600;договор;;очевидно;даты выдачи и погашения
loan_obj;B1A+B1B;nvarchar;109;договор;да;документ;объект кредитования (код)
loan_purp;B1A+B1B;nvarchar;125;договор;да;документ;цель кредитования (код)
rate_type;только B1A;nvarchar;13;договор;;очевидно;тип и величина номинальной ставки
nom_rate_in;только B1A;nvarchar;600;договор;;очевидно;тип и величина номинальной ставки
nom_rate;только B1A;nvarchar;600;договор;;очевидно;тип и величина номинальной ставки
pesv;только B1A;nvarchar;600;договор;;гипотеза Г5;эффективная ставка вознаграждения
gesv;только B1A;nvarchar;600;договор;;гипотеза Г5;эффективная ставка вознаграждения
collateral;B1A+B1B;nvarchar;600;обеспечение;да;проверено;признак наличия залога (вид не различается)
loan_amount;только B1A;nvarchar;600;суммы;;очевидно;сумма займа по договору
od;только B1A;nvarchar;600;суммы;да;проверено;основной долг: текущий и просроченный
od_del;только B1A;nvarchar;600;суммы;да;проверено;основной долг: текущий и просроченный
interest;только B1A;nvarchar;600;суммы;да;проверено;вознаграждение: начисленное и просроченное
interest_del;только B1A;nvarchar;600;суммы;да;проверено;вознаграждение: начисленное и просроченное
wo;только B1A;nvarchar;600;суммы;;гипотеза Г6;списание и его дата
correction;B1A+B1B;nvarchar;600;суммы;да;документ;корректировка
disc_prem;B1A+B1B;nvarchar;600;суммы;да;документ;дисконты и премии
penalty;B1A+B1B;nvarchar;600;суммы;да;документ;пени и штрафы — в определение задолженности не входят
offbal;B1A+B1B;nvarchar;600;суммы;да;проверено;внебалансовые обязательства
od_del_date;только B1A;nvarchar;600;просрочка;;очевидно;даты выхода на просрочку
interest_del_date;только B1A;nvarchar;600;просрочка;;очевидно;даты выхода на просрочку
dpd;только B1A;nvarchar;600;просрочка;;очевидно;дней просрочки
wo_date;только B1A;nvarchar;600;суммы;;гипотеза Г6;списание и его дата
grace_od_date;только B1A;nvarchar;600;просрочка;;гипотеза Г13;льготный период
grace_int_date;только B1A;nvarchar;600;просрочка;;гипотеза Г13;льготный период
grace_principal;только B1A;nvarchar;600;просрочка;;гипотеза Г13;льготный период
grace_pay;только B1A;nvarchar;600;просрочка;;гипотеза Г13;льготный период
ptp;B1A+B1B;nvarchar;600;суммы;;неизвестно;назначение не установлено
restr_count;B1A+B1B;nvarchar;600;просрочка;;гипотеза Г14;реструктуризации: количество, признак, дата
restr_d;B1A+B1B;nvarchar;600;просрочка;;гипотеза Г14;реструктуризации: количество, признак, дата
restr_date;B1A+B1B;nvarchar;500;просрочка;;гипотеза Г14;реструктуризации: количество, признак, дата
dnpv;только B1A;nvarchar;34;метрики;;неизвестно;назначение не установлено
ind_sign;только B1A;nvarchar;600;заёмщик;;гипотеза Г4;признак индивидуальной значимости займа
portfolio;B1A+B1B;nvarchar;500;продукт;да;проверено;внутренний продуктовый портфель, 25 значений
ltv;B1A+B1B;nvarchar;600;обеспечение;;очевидно;loan-to-value
lgd;B1A+B1B;nvarchar;600;метрики;да;проверено;доля потерь при дефолте
pd_c12;B1A+B1B;nvarchar;600;метрики;да;проверено;PD на горизонте 12 месяцев
pd_cl;B1A+B1B;nvarchar;600;метрики;да;проверено;PD на всём сроке актива (lifetime)
pd_ol;B1A+B1B;nvarchar;600;метрики;частично;неизвестно;"назначение не установлено; заглушки весят 5,47 %"
stage_b;B1A+B1B;nvarchar;600;стадии;да;проверено;"стадия обесценения по балансу; коды 1,2,3,4 и заглушка"
ead;B1A+B1B;nvarchar;600;метрики;да;проверено;задолженность под риском
provisions;B1A+B1B;nvarchar;600;метрики;да;проверено;провизии
rwa_base_1;B1A+B1B;nvarchar;600;RWA;;гипотеза Г18;базы для расчёта RWA по стадиям
rwa_base_2;только B1A;nvarchar;600;RWA;;гипотеза Г18;базы для расчёта RWA по стадиям
rwa_base_3;B1A+B1B;nvarchar;600;RWA;;гипотеза Г18;базы для расчёта RWA по стадиям
rwa_group;только B1A;nvarchar;600;RWA;;гипотеза Г19;группы взвешивания балансовых и внебалансовых
rwa_subgroup;B1A+B1B;nvarchar;600;RWA;;гипотеза Г19;группы взвешивания балансовых и внебалансовых
rwa_group_off;B1A+B1B;nvarchar;600;RWA;;гипотеза Г19;группы взвешивания балансовых и внебалансовых
rwa_d1;B1A+B1B;nvarchar;600;RWA;;гипотеза Г20;степени риска
rwa_d2;только B1A;nvarchar;600;RWA;;гипотеза Г20;степени риска
rwa_d3;B1A+B1B;nvarchar;600;RWA;;гипотеза Г20;степени риска
rwa1;B1A+B1B;nvarchar;600;RWA;;гипотеза Г21;RWA по стадиям и итого
rwa2;только B1A;nvarchar;600;RWA;;гипотеза Г21;RWA по стадиям и итого
rwa3;B1A+B1B;nvarchar;600;RWA;;гипотеза Г21;RWA по стадиям и итого
rwa_total;B1A+B1B;nvarchar;600;RWA;;гипотеза Г21;RWA по стадиям и итого
nps_prov;B1A+B1B;nvarchar;500;учёт;;гипотеза Г22;провизии по НПС
prov_rate;B1A+B1B;nvarchar;600;учёт;;гипотеза Г23;ставка провизий
privedennaya_st;B1A+B1B;nvarchar;500;метрики;;гипотеза Г11;приведённая стоимость
obezcenenia;B1A+B1B;nvarchar;500;стадии;;гипотеза Г10;признак обесценения
uvelich_kr_riska;B1A+B1B;nvarchar;500;стадии;;гипотеза Г9;признак значительного увеличения кредитного риска (SICR)
stadia_kr_riska;B1A+B1B;nvarchar;500;стадии;;неизвестно;стадия кредитного риска — вторая колонка стадии
pd0_12m;B1A+B1B;nvarchar;600;метрики;;неизвестно;PD 12м и на срок — версия с индексом 0
pd0_srok;B1A+B1B;nvarchar;600;метрики;;неизвестно;PD 12м и на срок — версия с индексом 0
pd_12m;B1A+B1B;nvarchar;600;метрики;;неизвестно;PD 12м и на срок — вторая версия
pd_srok;B1A+B1B;nvarchar;600;метрики;;неизвестно;PD 12м и на срок — вторая версия
trebovania_k_def_zaimu;B1A+B1B;nvarchar;600;стадии;;гипотеза Г12;требования к дефолтному займу
vn_reiting;B1A+B1B;nvarchar;500;рейтинг;;гипотеза Г16;внутренний рейтинг заёмщика
kateg_vzveshivania;B1A+B1B;nvarchar;500;RWA;;гипотеза Г17;категория взвешивания
koef_konverciy;B1A+B1B;nvarchar;600;метрики;;неизвестно;коэффициент конверсии — третья колонка того же смысла
kdn;B1A+B1B;nvarchar;600;заёмщик;;гипотеза Г15;коэффициент долговой нагрузки и его дата
date_kdn;B1A+B1B;nvarchar;600;заёмщик;;гипотеза Г15;коэффициент долговой нагрузки и его дата
contract_number;B1A+B1B;nvarchar;100/600;PII;;очевидно;номер договора и счёта
operation_date;B1A+B1B;nvarchar;600;служебные;;гипотеза Г25;тип документа и дата операции
creditor_no;B1A+B1B;nvarchar;300;заёмщик;;гипотеза Г3;внутренний номер контрагента
fil_code;B1A+B1B;nvarchar;40;служебные;;очевидно;код филиала и подразделения
doc_type_nb_id;B1A+B1B;nvarchar;20;служебные;;гипотеза Г25;тип документа и дата операции
name;B1A+B1B;nvarchar;4000;PII;;очевидно;наименование или ФИО заёмщика
cl_type;B1A+B1B;nvarchar;400;продукт;;очевидно;тип кредитной линии
account_no;B1A+B1B;nvarchar;100/500;PII;;очевидно;номер договора и счёта
kod_podrazdelenia;B1A+B1B;nvarchar;500;служебные;;очевидно;код филиала и подразделения
datatype;B1A+B1B;nvarchar;600;служебные;;гипотеза Г26;технические поля источника загрузки
source_system;B1A+B1B;nvarchar;300/600;служебные;;гипотеза Г26;технические поля источника загрузки
ef_batches_int_id;B1A+B1B;nvarchar;600;служебные;;гипотеза Г26;технические поля источника загрузки
ef_contract_id;B1A+B1B;nvarchar;600;служебные;;гипотеза Г26;технические поля источника загрузки
nps_1400;B1A+B1B;nvarchar;500;учёт;;гипотеза Г24;остатки по балансовым счетам НПС
nps_1424;B1A+B1B;nvarchar;500;учёт;;гипотеза Г24;остатки по балансовым счетам НПС
nps_1740;B1A+B1B;nvarchar;500;учёт;;гипотеза Г24;остатки по балансовым счетам НПС
nps_1741;B1A+B1B;nvarchar;500;учёт;;гипотеза Г24;остатки по балансовым счетам НПС
nps_6000;B1A+B1B;nvarchar;500;учёт;;гипотеза Г24;остатки по балансовым счетам НПС
nps_6000_dop;B1A+B1B;nvarchar;500;учёт;;гипотеза Г24;остатки по балансовым счетам НПС
nps_1430;B1A+B1B;nvarchar;500;учёт;;гипотеза Г24;остатки по балансовым счетам НПС
nps_1434;B1A+B1B;nvarchar;500;учёт;;гипотеза Г24;остатки по балансовым счетам НПС
nps_1434_dop;B1A+B1B;nvarchar;500;учёт;;гипотеза Г24;остатки по балансовым счетам НПС
ccf_rwa;B1A+B1B;nvarchar;600;метрики;;гипотеза Г8;CCF для целей RWA — отдельный от ccf
is_del;B1A+B1B;nvarchar;1;служебные;да;проверено;"признак удаления; фильтр расчёта is_del = '0'"
limit;только B1B;nvarchar;600;суммы;;очевидно;"лимит кредитной линии; имя — зарезервированное слово T-SQL"
lgd_;только B1B;nvarchar;600;метрики;;неизвестно;"вторая колонка LGD, только в B1B; назначение не установлено"
limit_1000;только B1B;nvarchar;600;суммы;;неизвестно;дубль limit в другом масштабе, только в B1B
offbal_1000;только B1B;nvarchar;600;суммы;;неизвестно;дубль offbal в другом масштабе, только в B1B
correction_1000;только B1B;nvarchar;600;суммы;;неизвестно;дубль correction в другом масштабе, только в B1B
disc_prem_1000;только B1B;nvarchar;600;суммы;;неизвестно;дубль disc_prem в другом масштабе, только в B1B
penalty_1000;только B1B;nvarchar;600;суммы;;неизвестно;дубль penalty в другом масштабе, только в B1B
ptp_1000;только B1B;nvarchar;600;суммы;;неизвестно;дубль ptp в другом масштабе, только в B1B
ead_1000;только B1B;nvarchar;600;суммы;;неизвестно;дубль ead в другом масштабе, только в B1B
provisions_1000;только B1B;nvarchar;600;суммы;;неизвестно;дубль provisions в другом масштабе, только в B1B
ead_n;производная;float;;вычисляемые;да;проверено;ead приведён к float скриптом
amount;производная;float;;вычисляемые;да;проверено;база задолженности, считается скриптом
stage;производная;nvarchar;;вычисляемые;да;проверено;стадия после приведения 4→3 и заглушки→1
segment_afr;производная;varchar;;вычисляемые;да;проверено;код сегмента НСТ
